{
  "prepare_queue": {
    "installed": [],
    "uninstalled": []
  },
  "config_munge": {
    "files": {
      "res/xml/config.xml": {
        "parents": {
          "/*": [
            {
              "xml": "<feature name=\"Whitelist\"><param name=\"android-package\" value=\"org.apache.cordova.whitelist.WhitelistPlugin\" /><param name=\"onload\" value=\"true\" /></feature>",
              "count": 1
            },
            {
              "xml": "<feature name=\"Accelerometer\"><param name=\"android-package\" value=\"org.apache.cordova.devicemotion.AccelListener\" /></feature>",
              "count": 1
            }
          ]
        }
      }
    }
  },
  "installed_plugins": {
    "cordova-plugin-whitelist": {
      "PACKAGE_NAME": "io.cor.lib"
    },
    "cordova-plugin-device-motion": {
      "PACKAGE_NAME": "io.cor.lib"
    }
  },
  "dependent_plugins": {},
  "modules": [
    {
      "id": "cordova-plugin-device-motion.Acceleration",
      "file": "plugins/cordova-plugin-device-motion/www/Acceleration.js",
      "pluginId": "cordova-plugin-device-motion",
      "clobbers": [
        "Acceleration"
      ]
    },
    {
      "id": "cordova-plugin-device-motion.accelerometer",
      "file": "plugins/cordova-plugin-device-motion/www/accelerometer.js",
      "pluginId": "cordova-plugin-device-motion",
      "clobbers": [
        "navigator.accelerometer"
      ]
    }
  ],
  "plugin_metadata": {
    "cordova-plugin-whitelist": "1.3.5",
    "cordova-plugin-device-motion": "2.0.1"
  }
}
